Station,Tmean(C)
1041,17.8
1056,17.3
10617,15.5
1087,17.0
11104,13.6
11234,13.6
1134,15.2
1192,16.0
12325,15.0
12326,15.1
12327,14.4
12328,17.4
12428,16.0
12429,15.5
12430,14.6
12431,14.5
12432,15.4
12482,14.7
12616,14.1
12636,14.5
12715,12.8
12755,15.4
1287,15.9
1340,16.7
13585,15.6
1401,17.5
1423,14.0
1468,15.7
1485,17.2
1500,15.6
1513,15.5
1520,15.9
1529,15.4
1547,14.8
1569,15.8
15752,13.7
15876,15.0
1589,15.1
16137,16.4
1615,16.7
1673,17.8
1770,15.4
1858,15.0
1874,17.6
1883,17.4
1945,14.3
1962,16.3
1965,13.6
2006,15.0
2103,13.9
2112,14.0
2136,15.5
2197,14.6
2212,14.1
2250,13.9
2283,13.9
2333,14.3
2488,13.9
2534,14.0
2592,14.8
2612,13.0
2651,13.2
2692,16.0
2810,16.2
2980,15.9
2997,16.4
3031,15.6
3126,15.2
3142,16.1
3145,14.3
3238,14.6
3243,13.8
3275,14.3
3334,14.7
3385,15.1
3445,15.4
3460,11.9
3477,13.4
3532,13.7
3551,12.8
3629,10.8
3671,13.3
3715,14.5
3719,15.0
3789,13.4
3798,14.0
3892,10.6
3909,13.4
3910,13.4
3918,14.7
3925,15.2
3950,13.2
4053,13.2
4097,11.5
4107,12.7
4141,12.3
4232,16.6
4241,16.1
4271,15.4
4326,15.5
4395,17.6
4420,17.3
4455,13.5
4506,14.4
4513,13.1
4527,14.5
4591,12.6
4651,11.2
4764,13.5
4772,11.4
4778,14.4
4794,14.1
4827,14.3
4836,15.5
4843,16.1
4858,16.8
4882,14.5
4951,14.3
4960,13.0
4970,12.0
4997,14.5
5061,12.6
5086,12.6
5095,13.8
5102,12.3
5212,15.5
5258,14.1
5323,12.5
5355,11.1
5430,14.3
5446,16.4
5451,14.6
5496,12.0
5529,15.9
5535,13.8
5543,14.8
5544,14.7
5645,13.8
5768,13.1
5778,12.7
5814,13.8
5823,13.6
5836,13.5
5867,11.5
5893,13.5
5904,13.3
5909,12.0
7336,13.0
7339,13.8
7342,13.5
7385,12.8
7426,16.0
7450,18.7
7578,12.5
7726,12.0
8567,14.3
9355,11.4
9533,13.6
9654,18.3
9874,13.2
