Name,Agent Number,Network Number,Latitude,Longitude,Height,Posn_Precision,Observing Authority
Appleby 2 Ews,21937,G13305,-41.31727,173.09482,18,H,Niwa
Albert Burn,35098,I48391,-44.381,168.926,1280,G,Niwa/Orc
Akaroa Ews,36593,H32895,-43.80938,172.96574,45,H,Niwa
Alexandra Aws,41163,I5923D,-45.21452,169.37549,231,H,Metservice
Alexandra Ews,43904,I5923E,-45.25458,169.38448,132,H,Niwa
Fairlie Aws,37255,H40075,-44.03774,170.77051,403,H,Metservice
"Eglinton, Knobs Flat Cws",37382,I48905,-44.97781,168.018,365,H,Niwa
Farewell Spit Aws,3798,F03502,-40.54483,173.00097,3,H,Metservice
Firth Of Thames Ews,38619,C75241,-37.21514,175.45045,3,H,Niwa
Five Rivers Cws,40845,I58632,-45.6259,168.36702,260,H,Niwa
Te Kuiti High School,2212,C85314,-38.33356,175.15328,54,H,N/A
Whakamarama 1,1589,B75792,-37.75186,175.96962,392,H,N/A
East Taratahi Aws,2612,D15064,-41.016,175.622,91,G,Metservice
"Masterton, Te Ore Ore",7578,D05973,-40.957,175.707,110,T,N/A
Fairlie 2,7726,H40185,-44.10263,170.82531,300,H,N/A
Waimate,5102,H41701,-44.741,171.036,64,T,N/A
"Auckland,Owairaka",1468,A64971,-36.893,174.726,41,G,N/A
Kawerau Temp Only,31829,B86073,-38.087,176.7,42,T,Metservice
Timaru 2,5095,H41424,-44.40882,171.25434,17,H,N/A
Kerikeri Aero 2,1087,A53293,-35.26469,173.91134,150,H,N/A
Harper River,4657,H31241,-43.213,171.461,533,G,N/A
"Akaroa,Rue Lavaud",4951,H32893,-43.80418,172.96997,4,H,N/A
Cromwell 2,5529,I59024,-45.035,169.195,213,G,N/A
Clyde Dam,5543,I59133,-45.19,169.311,160,G,N/A
"Hamilton, Ruakura Ews",12616,C75733,-37.77879,175.31271,40,H,Niwa
"Cheviot, The Lakes",12715,H23823,-42.83198,172.22655,70,H,N/A
Wallaceville,3477,E15102,-41.135,175.052,56,T,N/A
"Ohakune, Ruapehu College",9355,E95447,-39.419,175.412,610,T,N/A
"Seddon, Lucknow",11699,G14703,-41.723,174.075,90,T,N/A
Lake Rotoiti 2,3892,F12882,-41.80779,172.84213,634,H,N/A
Waipara West,4794,H32062,-43.06886,172.65301,145,H,N/A
"Wellington, Kelburn",3385,E14272,-41.286,174.767,125,G,Metservice
Manukau Heads 2,1500,A74052,-37.05276,174.54436,237,H,N/A
Coromandel,1513,B65752,-36.736,175.502,100,T,N/A
Pahiatua,7385,D05484,-40.458,175.829,112,G,N/A
Whangarei Aero Aws,1287,A54737,-35.77062,174.36285,37,H,Metservice
Whangaparaoa Aws,1400,A64683,-36.60268,174.83458,100,H,Metservice
Whitianga Aero Aws,1520,B65862,-36.83237,175.67542,5,H,Metservice
Whakatu Ews,15876,D96696,-39.60698,176.91148,5,H,Niwa
Whakatane Aero Aws,1673,B76995,-37.92478,176.91857,8,H,Metservice
Windsor Ews,18594,I50087,-45.00829,170.82281,81,H,Niwa
Cheviot Ews,31832,H23825,-42.82722,173.22409,75,H,Niwa
"Whanganui, Spriggens Park Ews",3715,E95902,-39.93704,175.04509,15,H,N/A
Whanganui Aero Aws,3719,E95906,-39.96122,175.02581,14,H,Metservice
Lower Retaruke Cws,37850,C95012,-39.07486,175.19667,233,H,Niwa
Akitio Ews,38057,D06541,-40.577,176.449,245,G,Niwa
Castle Mount Ews,38830,F47873,-44.83407,167.77752,2000,H,Niwa
Haast Aws,4097,F39803,-43.86003,169.00652,1,H,Metservice
Whangarei Ews,40980,A54738,-35.744,174.329,12,G,Niwa
Whakatane Ews,40982,B76999,-37.94815,176.96773,1,H,Niwa
Westport Ews,41382,F11765,-41.743,171.612,6,G,Niwa
Balmoral East Cws,42704,H22881,-42.83025,172.83463,172,H,Niwa
Winchmore 2 Ews,42899,H31772,-43.78935,171.79032,164,H,Niwa
Waipara North Branch Ews,45225,H22945,-42.94096,172.42789,497,H,Niwa
Le Bons Bay Aws,4960,H33712,-43.7461,173.1219,238,H,Metservice
Franz Josef Ews,24926,F30313,-43.36548,170.13428,80,H,Niwa
Gisborne Ews,24976,D87697,-38.62747,177.9218,12,H,Niwa
Gisborne Aero Aws,2810,D87695,-38.6586,177.98513,5,H,Metservice
Galatea Aws,37652,B86476,-38.4084,176.74233,175,H,Metservice
Flat Hills Wxt Aws,38672,E95869,-39.8932,175.65799,262,H,Metservice
Katikati 2,1569,B75592,-37.547,175.945,2,T,N/A
Normanby Edr,3551,E9452A,-39.51,174.252,122,G,Metservice
Punakaiki Rocks,3918,F21132,-42.112,171.334,4,G,N/A
Edievale 2,5670,I59732,-45.80245,169.36889,270,H,N/A
Turangi Ews,12432,C95087,-38.995,175.79465,375,H,Niwa
"Port Fitzroy, Great Barrier",1485,A65132,-36.17139,175.36273,4,H,N/A
Whatawhata,2103,C75801,-37.812,175.087,104,G,N/A
Whakatane Motor Camp,7450,B76996,-37.951,176.985,5,G,N/A
Stratford Dem Farm,3532,E94333,-39.338,174.303,311,G,N/A
Twizel 2,4997,H40213,-44.264,170.103,457,G,N/A
Taiaroa Head,5355,I50771,-45.777,170.728,72,G,N/A
Dargaville Ews,16137,A53986,-35.944,173.835,15,G,N/A
Masterton Intermediate School,17466,D0596E,-40.958,175.67,115,T,N/A
Waimana,1883,B87103,-38.146,177.079,37,G,N/A
Kawerau Ews,21866,B86072,-38.04,176.753,18,T,N/A
Te Paki Aws,22249,A42572,-34.505,172.798,39,T,Metservice
"Mt Ruapehu,Chateau 2",2357,C95152,-39.198,175.544,1097,G,N/A
Palmerston N,3238,E05363,-40.382,175.609,34,G,N/A
Appleby Ews,12755,G13212,-41.293,173.099,17,G,N/A
"Mt Cook,The Hermitage",4591,H30711,-43.734,170.093,765,G,N/A
"Lincoln, Broadfield Edl",4882,H32642,-43.628,172.468,12,G,N/A
"Martinborough, Dublin Street",7336,D15248,-41.217,175.45,22,G,N/A
Warkworth,1374,A64463,-36.434,174.668,72,G,N/A
Te Aroha,1565,B75571,-37.547,175.716,18,G,N/A
"Martinborough, Huangarua Rd",2651,D15247,-41.213,175.465,30,G,N/A
Waione,7341,D06432,-40.46,176.303,48,G,N/A
Mimiwhangata,10745,A54441,-35.443,174.423,5,T,N/A
Dargaville 2,1192,A53982,-35.944,173.835,15,G,N/A
Kaitoke,3460,E15011,-41.08,175.191,223,G,N/A
Kaingaroa Forest,1819,B86451,-38.41,176.56,544,G,N/A
"New Plymouth, Highlands Intermediate",10034,C94007,-39.077,174.09,5,T,N/A
Whakatu,3031,D96695,-39.611,176.914,6,G,N/A
St Bathans 3,5239,I49883,-44.875,169.823,640,G,N/A
Purerua Aws,1196,A54101,-35.12544,174.01681,87,H,Metservice
Baring Head,18234,D14482,-41.40828,174.87146,79,H,Niwa
"Mt Ruapehu, Chateau Ews",18464,C95153,-39.19589,175.54504,1097,H,Niwa/Doc
Motu Ews,1905,B87256,-38.28566,177.52941,488,H,Niwa
Port Taharoa Aws,2136,C84174,-38.17032,174.70373,18,H,Metservice
Ashburton Aero Aws,26170,H31983,-43.90328,171.80413,88,H,Metservice
Murchison Mtns Ews,35614,I57261,-45.222,167.63,1140,G,Niwa
Orari Estate Ews,35704,H41132,-44.12476,171.31075,81,H,Niwa
Waiau School Cws,36157,H23605,-42.653,173.043,136,G,Niwa
Methven Cws,36645,H31665,-43.63978,171.65205,313,H,Niwa
Waitutu Cws,37381,I67101,-46.1918,167.06611,30,H,Niwa
Mahia Radar Wxt Aws,37835,D97182,-39.168,177.888,419,G,Metservice
Mamaku Radar Wxt Aws,38671,B86003,-38.066,176.062,617,G,Metservice
Tutira Cws,39944,D96286,-39.22428,176.83882,235,H,Niwa
Waipounamu Cws,40639,I58872,-45.82525,168.71649,152,H,Environment Southland / Niwa
Tauranga Cws,41428,B76612,-37.6741,176.16303,3,H,Niwa
Taupo Cws,41429,B86609,-38.67812,176.07956,360,H,Niwa
Brothers Island Aws,4395,G14142,-41.1033,174.44174,68,H,Metservice
Te Pirita At Sharlands Road,45761,H31682,-43.63482,171.89685,208,H,N/A
Mokohinau Island Aws,9654,A55912,-35.90293,175.11537,70,H,Metservice
Hamilton Aero Aws,2112,C75834,-37.86088,175.33175,53,H,Metservice
Greymouth Aero Ews,23934,F21425,-42.46022,171.19157,5,H,Niwa
"Hamilton, Ruakura 2 Ews",26117,C75734,-37.77389,175.30517,45,H,Niwa/Agresearch
Gore Ews,42975,I68197,-46.12375,168.91938,60,H,Niwa
Gore Aws,5778,I68182,-46.11171,168.8876,123,H,N/A
"Auckland, Mangere",1945,C64971,-36.97,174.776,2,G,N/A
Murchison Area School,3879,F12837,-41.802,172.327,168,G,N/A
Rangiora Nzfs,4827,H32352,-43.311,172.571,46,G,N/A
"Dunedin,Musselburgh",5402,I50951,-45.904,170.513,2,G,N/A
"Hamilton, Ruakura",2101,C75731,-37.78,175.313,40,G,N/A
"Mokau,Mohakatino Stn",2165,C84761,-38.722,174.615,46,G,N/A
"Ruapehu,The Chalet",2367,C95255,-39.253,175.564,1941,G,N/A
Benmore Power Stn,5113,I40511,-44.569,170.19,253,G,N/A
Turangi,2347,C95085,-38.995,175.812,375,T,Niwa
Ruatoria 2,2725,D78931,-37.898,178.316,61,G,N/A
Ahu Ahu Valley,3659,E95614,-39.69,175.103,85,G,N/A
Appleby,4239,G13211,-41.293,173.099,17,G,N/A
Auckland City Edr,1425,A6487A,-36.861,174.751,75,G,Metservice
Te Puke Edr,1646,B76836,-37.82,176.322,91,G,Niwa
Lake Coleridge,4670,H31352,-43.365,171.529,364,G,N/A
Kawerau,1753,B86071,-38.079,176.718,30,G,N/A
Blenheim Research,4310,G13494,-41.498,173.963,4,T,N/A
"Manapouri,West Arm 2",5426,I57522,-45.525,167.276,232,G,N/A
Porangahau 2,2544,D06263,-40.283,176.656,8,T,N/A
"Clyde, Earnscleugh",5577,I59235,-45.207,169.313,171,T,N/A
Waiuku Forest,2011,C74371,-37.346,174.719,52,G,N/A
Pukekura,4031,F30061,-43.012,170.671,86,G,N/A
Hanmer Forest,4458,G22581,-42.522,172.854,387,G,N/A
Cheviot,4566,H23822,-42.812,173.277,85,G,N/A
"Turoa, Mt Ruapehu",3600,E95351,-39.307,175.525,1628,G,N/A
"Motueka, Riwaka",4162,G12191,-41.098,172.972,8,T,N/A
Invermay Edr,5365,I50836,-45.862,170.385,30,G,N/A
Whangaruru,7364,A54331,-35.349,174.326,20,G,N/A
Hanmer Forest Ews,11234,G22582,-42.53433,172.85098,363,H,Niwa/Carter Holt Harvey Forest
Warkworth Ews,17838,A64464,-36.43435,174.66766,72,H,Niwa
Mt Cook Ews,18125,H30706,-43.73633,170.0977,730,H,Niwa
Hastings Aws,3017,D96680,-39.61517,176.78902,16,H,N/A
Ohakune Ews,31621,E95449,-39.418,175.413,607,G,Niwa
Swampy Summit Aws,35134,I50845,-45.80079,170.47711,716,H,Metservice
Ivory Glacier Cws,36733,F30192,-43.134,170.913,1390,G,Niwa
Mt Potts Ews,37002,H30592,-43.50495,170.92635,2128,H,Niwa
Takahe Valley Cws,37047,I57262,-45.296,167.683,895,G,Niwa/Doc
Mueller Hut Ews,38102,H30709,-43.72154,170.06493,1818,H,Niwa
Whitianga Ews,40981,B65863,-36.828,175.672,1,G,Niwa
Milford Sound Ews,40987,F47694,-44.67399,167.92299,3,H,Niwa
Waikeria Ews,41389,C85034,-38.09468,175.3876,37,H,Niwa
Nelson Aero,4241,G13222,-41.299,173.226,2,G,N/A
Christchurch Botanic Gardens Ews,44763,H3256Q,-43.5294,172.62,17,H,Niwa
Arthurs Pass,4513,H21951,-42.94152,171.56285,745,H,N/A
Thames Ews,45320,B75153,-37.1585,175.55138,3,H,Niwa
Ashburton Council,4778,H31971,-43.89658,171.7472,101,H,N/A
"Lake Tekapo, Air Safaris",4970,H40041,-44.002,170.441,762,T,N/A
Ettrick No.2,5645,I59633,-45.623,169.348,91,G,N/A
Hawera Aws,25222,E94622,-39.60991,174.2916,100,H,Metservice
Hicks Bay Aws,2692,D78531,-37.56113,178.31462,46,H,Metservice
Orete Point Aws,1686,B77691,-37.608,177.903,6,G,Metservice
Waipukurau Aero,2495,D06051,-39.996,176.533,137,G,N/A
Springs Junction,4021,F22311,-42.336,172.181,421,G,N/A
Molesworth Aws,7427,G23022,-42.087,173.26,883,G,Metservice
Cape Colville Aws,1504,B65431,-36.49,175.341,22,T,Metservice
Havelock Nth Edr,3015,D9668B,-39.666,176.881,9,G,Metservice
"Fox Glacier,Main Rd",4069,F30402,-43.466,170.017,152,G,N/A
"Te Anau, Doc",5419,I57473,-45.426,167.718,204,G,N/A
Brancott Valley,4325,G13584,-41.545,173.845,64,G,N/A
"Christchurch, Mt Pleasant",4871,H32574,-43.569,172.721,137,G,N/A
Ikawai,5041,H40892,-44.873,170.939,70,G,N/A
Kurow Area School,5122,I40742,-44.733,170.467,207,G,N/A
"Alexandra, Theyers St",5580,I59238,-45.254,169.381,141,G,N/A
Paeroa,1546,B75361,-37.378,175.664,4,G,N/A
Taupo N.Z.E.D.,1841,B86602,-38.681,176.072,376,G,N/A
Tauherenikau,2623,D15134,-41.122,175.381,43,G,N/A
"Oamaru, Spey St",5275,I50093,-45.089,170.98,5,G,N/A
Tauranga 4,1611,B76611,-37.677,176.165,2,G,N/A
Te Teko,1757,B86083,-38.039,176.812,8,G,N/A
Wainuiomata Coast Rd,3424,E14296,-41.291,174.95,82,G,N/A
Temuka,5075,H41224,-44.25,171.285,24,G,N/A
Mohaka School,3138,D97112,-39.119,177.191,65,T,N/A
Deep Cove 2,4138,F57412,-45.467,167.152,3,G,N/A
Rotoroa Is,1495,A65811,-36.815,175.197,30,G,N/A
Pureora Forest,2234,C85551,-38.517,175.553,549,G,N/A
Castlepoint Light,2591,D06921,-40.903,176.225,4,G,N/A
"Wanaka, Park Hq",5217,I49613,-44.696,169.142,305,G,N/A
Clinton School,5861,I69234,-46.2,169.381,120,G,N/A
"Whangarei,Whau Vly",1285,A54735,-35.706,174.294,152,G,N/A
Woodhill Forest,1402,A64741,-36.749,174.431,30,G,N/A
Tairua Forest,1534,B75182,-37.172,175.853,3,G,N/A
Waiorongomai,2639,D15211,-41.261,175.148,21,G,N/A
Lake Rotoroa,3862,F12752,-41.797,172.59,445,G,N/A
Waitoa 2,1577,B75663,-37.595,175.63,18,T,N/A
Kaweka Forest,2970,D96444,-39.434,176.466,416,G,N/A
Mt Hutt Skifield,4677,H31451,-43.491,171.537,1600,G,N/A
Hororata Substation,4704,H31593,-43.547,171.981,192,G,N/A
Codfish Island,5745,I67761,-46.767,167.633,2,W,N/A
"Auckland, Whenuapai Aero",1410,A64761,-36.793,174.624,26,G,Metservice
Port Ohope,1703,B77911,-37.986,177.112,9,G,N/A
"New Plymouth, Brooklands Park",2278,C94003,-39.071,174.082,55,G,N/A
Tiri Tiri Lighthouse,1401,A64691,-36.6056,174.8977,76,H,N/A
"Auckland, Henderson North",1423,A64863,-36.85539,174.62383,7,H,N/A
"Waiheke Island, Awaroa Valley",1496,A65812,-36.80698,175.11454,34,H,N/A
Paeroa Aws,1547,B75362,-37.37065,175.68372,19,H,Metservice
"Mt Somers, Somer Downs",18394,H31641,-43.674,171.413,372,T,N/A
Whatawhata 2 Ews,25162,C75701,-37.78832,175.06906,118,H,N/A
"Moawhango, Pokaka",25760,E95685,-39.60811,175.87398,462,H,N/A
"Te Wharau, Brackenfield",31857,D15182,-41.17278,175.80063,292,H,N/A
Taihape Rec,3671,E95683,-39.683,175.802,433,T,N/A
"Pelorus Sd, Crail Bay",4232,G13195,-41.10308,173.96406,13,H,N/A
Grassmere Salt Works,4420,G14711,-41.729,174.145,2,G,N/A
Boyle River Lodge,4455,G22532,-42.519,172.386,600,G,N/A
Peel Forest,4772,H31927,-43.90656,171.25902,286,H,N/A
Christchurch Gardens,4858,H32561,-43.531,172.619,7,G,N/A
Orari Estate,5061,H41131,-44.127,171.308,81,G,N/A
Palmerston,5323,I50471,-45.47554,170.71444,21,H,N/A
Ophir 2,5544,I59161,-45.10611,169.61056,305,H,N/A
Alexandra,5578,I59236,-45.246,169.38956,150,H,N/A
Stewart Is,5836,I68913,-46.90051,168.12851,3,H,N/A
Tautuku,5904,I69544,-46.57617,169.44386,25,H,N/A
Hokitika Aero,3909,F20793,-42.712,170.984,39,G,N/A
Hokitika Aero Aws,3910,F20794,-42.71296,170.98437,40,H,Metservice
Hokitika Ews,41322,F20796,-42.71228,170.98428,39,H,Niwa
Molesworth,4461,G23021,-42.088,173.258,890,T,N/A
Gisborne Aero,2807,D87692,-38.661,177.986,4,G,N/A
Waiotemarama,1138,A53541,-35.531,173.426,229,G,N/A
"Gisborne, Manutuke",2805,D87683,-38.68,177.887,9,G,N/A
Queenstown Aero,5450,I58074,-45.024,168.735,349,G,N/A
Tuatapere,5738,I67165,-46.129,167.674,27,G,N/A
Port Albert,7557,A64242,-36.279,174.443,40,T,N/A
Waipoua Visitor Centre,1155,A53651,-35.653,173.558,88,G,N/A
"Lower Hutt,Gracefield",3418,E14290,-41.236,174.919,34,G,N/A
Queensbury Ews,5234,I49822,-44.873,169.3,277,G,N/A
Bendigo 2,5243,I49932,-44.93352,169.30377,200,H,N/A
Northburn,5528,I59023,-45.00785,169.23298,210,H,N/A
Rotorua Aero 2,1768,B86131,-38.11065,176.31756,281,H,N/A
Hunua Edl,2032,C75003,-37.082,175.071,122,G,N/A
New Plymouth Aero,2282,C94011,-39.012,174.181,27,G,N/A
Twizel Substation,4996,H40212,-44.277,170.098,451,G,N/A
Dunedin Aero,5397,I50921,-45.929,170.196,1,G,N/A
Maramarua Forest,2075,C75321,-37.306,175.253,38,G,N/A
Mt Bruce Res,2414,D05765,-40.723,175.64,305,G,N/A
Ngaumu Forest,2614,D15081,-41.04,175.885,244,G,N/A
Aniwaniwa,2815,D87713,-38.748,177.164,671,G,N/A
Westport Aero,3810,F11752,-41.74,171.578,2,G,N/A
Waingawa,2473,D05964,-40.98,175.611,114,G,N/A
Wairoa Hospital,3124,D97043,-39.045,177.413,20,G,N/A
"Lower Hutt,Avalon",3369,E14195,-41.191,174.941,15,G,N/A
Kaikoura Weather Stn,4507,G23471,-42.421,173.691,108,G,Metservice
Balmoral Forest,4532,H22871,-42.866,172.749,198,G,N/A
Auckland City,1434,A64878,-36.861,174.751,75,G,Metservice
Levin M.A.F.,3277,E05622,-40.65,175.269,46,G,N/A
Ashburton,4780,H31973,-43.90928,171.74409,97,H,N/A
Te Kauwhata M.A.F.,2081,C75412,-37.411,175.142,32,G,N/A
Highbank Power Stn,4698,H31572,-43.575,171.736,230,G,N/A
Thames 2,1529,B75152,-37.15858,175.55137,3,H,N/A
White Island Aws,31828,B77511,-37.51668,177.17732,314,H,Metservice
Thornbury,31912,I68202,-46.291,168.096,20,G,N/A
"Wairau Valley, Mill Road Cws",36106,G13543,-41.572,173.497,172,G,Niwa
Hakataramea Valley Cws,36209,H40661,-44.635,170.647,355,G,Niwa
Waiouru Treatment Plant,3629,E95464,-39.46249,175.66283,806,H,N/A
Alexandra Cws,36592,I5923B,-45.25366,169.39205,140,H,Niwa
"Methven, Three Springs Cws",37920,H31656,-43.67767,171.5884,305,H,Niwa
Waipara North Branch At Langs Gully Cws,38730,H22942,-42.938,172.422,560,G,Niwa
Dorie Cws At Riverstone,38866,H32805,-43.83207,172.09431,55,H,N/A
"West Eyreton, Larundel Farm Cws",39224,H32341,-43.3573,172.43224,88,H,Niwa
"Auckland, Sky Tower",39915,A6487E,-36.85004,174.76242,342,H,Niwa
Ashcott Road Cws,40280,D96932,-39.95757,176.37974,212,H,Niwa
Milford Sound,4107,F47691,-44.67384,167.92406,3,H,N/A
Wakanui 2 Cws,41200,H31986,-43.97167,171.81097,53,H,Niwa
Stephens Island,4153,G04601,-40.666,174.001,187,G,N/A
Queenstown,5446,I58061,-45.03476,168.66364,322,H,N/A
Tapanui,5686,I59921,-45.944,169.257,180,G,N/A
Winton 2,5768,I68133,-46.157,168.328,44,G,N/A
"Balclutha,Finegand",5867,I69273,-46.273,169.739,6,G,N/A
Invercargill Aero 2 Ews,12444,I68437,-46.41727,168.33045,0,H,Niwa
Invercargill Aero,5814,I68433,-46.41741,168.33052,1,H,N/A
Ngamatea Station 2,2964,D96412,-39.408,176.13,885,G,N/A
Mohaka Forest,3115,D97004,-39.069,177.023,286,G,N/A
Palmerston N Kairanga,3232,E05343,-40.342,175.468,15,G,N/A
Wanaka,5223,I49711,-44.705,169.146,314,G,N/A
Burwood Bush,5475,I58502,-45.571,168.071,490,G,N/A
Whakatane Aero,1672,B76994,-37.92644,176.91807,6,H,N/A
East Cape Aws,2710,D78752,-37.693,178.544,19,G,Metservice
Waikaremoana Onepoto,2832,D87811,-38.801,177.122,643,G,Niwa/Ecnz
Tuai,2833,D87812,-38.809,177.15,274,G,N/A
"Fairlie,Riverview Tce",4992,H40183,-44.101,170.833,304,G,N/A
Marsden Power Stn,1303,A54842,-35.878,174.47,3,G,N/A
Cambridge 4,2128,C75953,-37.919,175.498,76,G,N/A
Tokirima,2261,C85901,-38.94,175.011,152,G,N/A
Makaretu Research Station,3096,D96931,-39.951,176.321,335,G,N/A
Oaonui Wind,3504,E93482,-39.406,173.809,33,G,N/A
Kinleith 2,1723,B85285,-38.28,175.888,383,G,N/A
Napier Aero,2977,D96481,-39.468,176.872,2,G,N/A
"Christchurch,Bromley",4870,H32573,-43.527,172.702,9,G,N/A
Mahinerangi Dam,5683,I59891,-45.883,169.975,396,G,N/A
Invercargill Aero Aws,11104,I68435,-46.41104,168.31779,3,H,Metservice
Kaikohe Aws,1134,A53487,-35.41722,173.82289,204,H,Metservice
Kaikoura Aws,4506,G23464,-42.42038,173.69627,108,H,Metservice
Kaitaia Ews,17067,A53127,-35.13352,173.26294,85,H,Niwa
Kaitaia Aero Ews,18183,A53026,-35.0677,173.2874,80,H,Niwa/Nrl
Kawerau Aws,36750,B86075,-38.08736,176.6997,42,H,Metservice
"Kaikoura, Middle Creek",41125,G23365,-42.369,173.68,5,G,Niwa/Ecan
Kaitaia Airport Aws,43952,A53028,-35.06779,173.28628,77,H,Metservice
Kerikeri Ews,1056,A53191,-35.183,173.926,79,G,N/A
Lake Tekapo Ews,24945,H40042,-44.00173,170.44319,762,H,Niwa
Lake Moeraki Ews,25506,F39722,-43.71882,169.26703,10,H,Niwa
Kerikeri Aerodrome Aws,37258,A53295,-35.26279,173.91136,149,H,Metservice
Lake Karapiro Cws,37656,C75955,-37.925,175.54,55,G,Niwa
Leigh 2 Ews,1340,A64282,-36.26925,174.7992,27,H,N/A
Lauder Ews,5535,I59065,-45.0401,169.68419,375,H,Niwa
Blenheim Research Ews,12430,G13495,-41.49891,173.96285,4,H,N/A
Auckland Aero,1962,C74082,-37.00813,174.78873,7,H,N/A
Palmerston North Ews,21963,E0536D,-40.38195,175.60915,21,H,Niwa/Agresearch
New Plymouth Aero Aws,2283,C94012,-39.00786,174.18382,28,H,Metservice
Oamaru Aws,25937,I50194,-45.10148,170.95052,40,H,N/A
Ngawi Aws,2685,D15521,-41.5885,175.2337,8,H,Metservice
Napier Aero Aws,2980,D96484,-39.47033,176.86463,3,H,Metservice
Paraparaumu Aero,3145,E04991,-40.907,174.984,5,G,N/A
Palmerston North Aero Aws,3243,E05368,-40.31858,175.61459,39,H,Metservice
Ohakea Aws,37257,E05136,-40.20301,175.37203,47,H,Metservice
Mt Philistine Ews,38103,F21852,-42.88314,171.53229,1655,H,Niwa
Pahiatua Ews,38224,D05591,-40.507,175.916,110,G,Niwa
Oamaru Ews,40986,I51003,-45.057,171.023,20,G,Niwa
Napier Ews,41330,D96494,-39.49846,176.91189,7,H,Niwa
Nelson Aero Aws,4271,G13322,-41.30081,173.21608,6,H,Metservice
Ohoka Cws,43251,H32359,-43.3423,172.56574,39,H,Niwa
Mayfield At Ruapuna Forecast,43538,H31827,-43.85887,171.29938,325,H,Niwa
Otaio @ Springbank Road,43845,H41511,-44.572,171.159,14,G,N/A
Okarito Ews,44556,F30213,-43.22161,170.16346,1,H,Niwa
Manukau Heads Ews,45217,A74054,-37.05299,174.54906,240,H,Niwa
Oamaru Airport Aws,5142,I41902,-44.97212,171.08108,30,H,Metservice
Nugget Point Aws,5893,I69482,-46.44767,169.81215,131,H,Metservice
Christchurch Aero,4843,H32451,-43.493,172.537,37,G,N/A
Paraparaumu Aero Ews,12442,E04995,-40.90392,174.98437,5,H,Niwa
Rangiora Ews,17244,H32364,-43.32858,172.61114,23,H,Niwa
Rotorua Aero Aws,1770,B86133,-38.10592,176.31481,286,H,Metservice
Ranfurly Ews,18593,I50115,-45.12427,170.10045,450,H,Niwa
Pukekohe Ews,2006,C74283,-37.20637,174.86384,88,H,Niwa
Pigeon Creek Cws,26104,F21642,-42.682,171.456,105,G,Niwa
Pukaki Aerodrome Aws,36596,H40214,-44.24519,170.11671,461,H,Metservice
Pureora Forest Cws,37016,C85552,-38.517,175.58,549,G,Niwa
Roxburgh Wxt Aws,38673,I59534,-45.51717,169.31316,160,H,Metservice
Reefton Ews,3925,F21182,-42.116,171.86,198,G,Niwa / West Coast Rural Fire Dis
Richmond Ews,40751,G13314,-41.32773,173.18615,1,H,Niwa/Tdc
Rotorua Ews,41077,B86128,-38.146,176.258,288,G,Niwa
Russell Cws,41262,A54212,-35.268,174.136,15,G,Niwa
Queenstown Ews,41331,I58062,-45.03476,168.66364,322,H,Niwa
Puysegur Point Aws,4141,F66162,-46.1562,166.61299,45,H,Metservice
"Porirua, Elsdon Park Aws",41559,E1418H,-41.127,174.835,7,G,Niwa/Porirua City Council
Queenstown Aero Aws,5451,I58075,-45.01762,168.7402,357,H,Metservice
South West Cape Aws,5909,I77241,-47.277,167.463,103,G,Metservice
Paraparaumu Aero Aws,8567,E04994,-40.90455,174.98517,8,H,Metservice
Secretary Island Aws,9533,F56280,-45.22092,166.88498,19,H,Metservice
"Christchurch, Kyle St Ews",24120,H3256F,-43.53074,172.60769,6,H,Niwa
Cromwell Ews,26381,I59013,-45.03392,169.1955,213,H,Niwa
Culverden Aws,37651,H22785,-42.77014,172.88947,181,H,Metservice
Clyde 2 Ews,39564,I5923C,-45.20342,169.3182,170,H,Niwa
Cass Ews,44637,H31073,-43.03447,171.75999,571,H,Niwa
Toenepi Ews,23908,B75752,-37.71958,175.58528,48,H,Niwa
"Auckland, Mangere Ews",22719,C64972,-36.96177,174.77642,5,H,Niwa
Mana Island,3334,E14072,-41.09429,174.78517,2,H,N/A
Okarito,4053,F30212,-43.22137,170.16533,2,H,N/A
Balmoral West Cws,43342,H22753,-42.794,172.57,340,G,Niwa
Kaitaia Observatory,1041,A53125,-35.134,173.263,85,G,N/A
"Eyrewell, Ngai Tahu East Cws",40744,H32443,-43.43009,172.44235,72,H,N/A
Winchmore Ews,4764,H31883,-43.79346,171.79512,160,H,Niwa/Agresearch
Snowdon Raws,17610,H31463,-43.47,171.672,560,T,N/A
Kopua,2488,D06022,-40.079,176.274,311,G,N/A
"Holland Road, Hamilton Cws",26645,B75735,-37.748,175.367,45,H,N/A
"Fernhill, Substation",40279,D96574,-39.59996,176.76119,30,H,Niwa
"North Shore, Auckland Regional Council",12328,A64775,-36.786,174.736,20,T,N/A
"Lincoln Rd, Auckland Regional Council",22166,A64866,-36.869,174.629,25,T,N/A
Leeston Raws,39066,H32735,-43.762,172.305,15,G,N/A
Castlepoint Station,9874,D06821,-40.8998,176.2189,10,H,N/A
Waione Raws,12636,D06433,-40.453,176.308,48,T,N/A
"Pakuranga, Auckland Regional Council",22167,C64986,-36.907,174.893,15,T,N/A
"Penrose Ews, Auckland Regional Council",22254,C64987,-36.904,174.816,30,G,N/A
"Otamatuna, Te Mapou Hut Cws",37239,B87314,-38.33334,177.16288,624,H,Niwa
"Auckland, Ardmore",1965,C74091,-37.03402,174.96394,23,H,N/A
Alfredton Raws,31851,D05685,-40.68,175.858,240,G,N/A
Riversdale Aquifer @ York Road,38645,I58973,-45.904,168.739,125,G,N/A
Naseby Forest 2,5258,I50013,-45.028,170.142,607,G,N/A
Taumarunui,2250,C85821,-38.88784,175.25981,171,H,N/A
Napier Nelson Pk,2997,D96591,-39.49846,176.91189,7,H,N/A
Waikeria 2,2197,C85132,-38.091,175.39,46,T,N/A
Franz Josef,4060,F30312,-43.394,170.181,155,G,N/A
Te Puke Ews,12428,B76838,-37.82274,176.32072,123,H,N/A
Tauranga Aero Aws,1615,B76624,-37.675,176.192,2,G,Metservice
Taupo Aero Aws,1858,B86704,-38.74252,176.08105,402,H,Metservice
Takaka Ews,23849,F02885,-40.86364,172.80568,20,H,Niwa
Stratford Ews,23872,E94334,-39.33546,174.30502,280,H,Niwa
Te Kuiti Ews,23899,C85316,-38.33174,175.15356,61,H,Niwa
Takapau Plains Aws,25820,D06024,-40.04188,176.26855,346,H,Metservice
Stephens Island Aws,26169,G04602,-40.66511,173.99969,188,H,Metservice
Tarapounamu Ews,26719,B86682,-38.61841,176.87388,701,H,Niwa
Taumarunui Aws,35135,C85835,-38.8873,175.33255,186,H,Metservice
Sugar Loaf Aws,35136,H32669,-43.60369,172.64928,496,H,Metservice
Timaru Ews,35703,H41425,-44.40882,171.25434,17,H,Niwa
Tolaga Bay Wxt Aws,37836,D88332,-38.38228,178.30785,15,H,Metservice
Taumarunui Ews,40983,C85826,-38.86145,175.23805,170,H,Niwa
Te Anau At Park Hq Cws,41064,I57477,-45.422,167.718,204,G,Niwa
Stewart Island Ews,44761,I68915,-46.90051,168.12851,3,H,Niwa
Timaru Aero Aws,5086,H41325,-44.30517,171.22141,27,H,Metservice
Tara Hills Aws,5212,I49592,-44.526,169.889,485,G,Metservice
Tiwai Point Ews,5823,I68533,-46.587,168.376,5,G,N/A
"Dunedin, Musselburgh Ews",15752,I50954,-45.90129,170.5147,4,H,Niwa
Dargaville 2 Ews,25119,A53987,-35.93145,173.85317,66,H,Niwa
Dannevirke Ews,26958,D06214,-40.20812,176.11026,207,H,Niwa
Diamond Harbour Ews,40985,H32674,-43.63312,172.72808,122,H,Niwa
Dunedin Aero Aws,7339,I50922,-45.92675,170.19684,2,H,Metservice
Wallaceville Ews,17029,E1510G,-41.1354,175.05275,56,H,Niwa
"Musick Pt Ews, Auckland Regional Council",18195,A64894,-36.85,174.901,18,G,N/A
Greymouth Aero,3950,F21422,-42.462,171.191,4,G,N/A
Lyttelton Harbour,4903,H32671,-43.608,172.724,5,T,N/A
Dannevirke,2534,D06212,-40.21,176.109,207,G,N/A
"Darfield, Forest Plains Raws",39063,H32403,-43.47962,172.08417,212,H,N/A
Opotiki,1874,B87023,-38.00638,177.28706,5,H,N/A
Darfield,4836,H32412,-43.493,172.137,195,G,N/A
"Awatere Valley, Dashwood Raws",18468,G14604,-41.64724,174.07274,83,H,N/A
Wakanui Cws,38974,H31984,-43.97167,171.81097,53,H,Niwa
Blackball,31871,F21343,-42.36711,171.41267,35,H,N/A
Arapito,3846,F12213,-41.271,172.156,18,G,N/A
Craigieburn Forest,4651,H31172,-43.154,171.714,914,G,N/A
Clyde Ews,12431,I59239,-45.20724,169.31478,171,H,N/A
Murchison Raws,16826,F12839,-41.805,172.324,185,T,N/A
Rock And Pillar Raws,24998,I50321,-45.38806,170.20528,270,H,N/A
St Arnaud Raws,31850,F12885,-41.80779,172.84213,634,H,N/A
"Hororata, Illana",10617,H31594,-43.52822,171.94615,196,H,N/A
"Onehunga, Auckland Regional Council",12326,A64981,-36.93,174.801,5,G,N/A
Waiouru Aws,3632,E95467,-39.472,175.682,820,G,Metservice
"Leeston, Harts Creek Cws",37332,H32734,-43.789,172.312,12,G,Niwa
"Takaka, Kotinga 2",3789,F02883,-40.882,172.801,25,G,N/A
"Wiri, Auckland Regional Council",12325,C64985,-36.993,174.87,18,T,N/A
"Henderson, Auckland Regional Council",12327,A64865,-36.86261,174.63189,35,H,N/A
Maud Island,13585,G13083,-41.025,173.896,15,T,N/A
"Khyber Pass, Auckland Regional Council",22164,A6487B,-36.86813,174.77063,81,H,N/A
Darfield Ews,17609,H32416,-43.496,172.15,190,T,N/A
"St Bathans, Post Office",18225,I49884,-44.87336,169.81084,585,H,N/A
Lower Retaruke,2333,C95022,-39.07674,175.19649,219,H,N/A
"Kumeu Ews, Auckland Regional Council",26492,A64756,-36.77822,174.5574,16,H,N/A
Tauranga Aerodrome,1614,B76623,-37.67239,176.19671,4,H,N/A
Wanaka Airport,25480,I49724,-44.725,169.243,348,G,N/A
Ohakea Aero,3206,E05231,-40.201,175.373,48,G,Metservice
Culverden,4527,H22783,-42.77382,172.85112,178,H,N/A
Woodbury 2,7727,H41025,-44.0353,171.20693,195,H,N/A
"Wellington, Kelburn Aws",25354,E1427P,-41.28445,174.76794,125,H,Metservice
Turangi 2 Ews,25643,C85977,-38.97352,175.7908,360,H,Niwa
Waipara West Ews,26607,H32063,-43.07026,172.65344,130,H,Niwa
"Wairoa, North Clyde Ews",3126,D97045,-39.02932,177.42952,15,H,Niwa
Waipawa Ews,31620,D96962,-39.9515,176.61706,130,H,Niwa
Wanganui 2 Aws,31830,E95909,-39.93,175.035,18,T,Metservice
Wellington Aero,3445,E14387,-41.322,174.804,4,G,N/A
Waimate Cws,36914,H41702,-44.74127,171.0631,39,H,Niwa
Upper Rakaia Ews,38225,H30291,-43.29206,170.99523,1752,H,Niwa
Waiouru Aero Aws,39148,E95468,-39.44626,175.65786,820,H,Metservice
"Upper Hutt, Trentham Ews",40750,E1510M,-41.14027,175.04283,50,H,Niwa
"Wellington, Greta Point Cws",41212,E1438H,-41.30243,174.80574,3,H,Niwa
Wanaka Cws,41237,I49614,-44.69965,169.14273,331,H,Niwa
Waiouru Ews,41329,E95469,-39.46274,175.66306,803,H,Niwa
Wairoa Aero Aws,41485,D97046,-39.01654,177.40353,13,H,Metservice
Tapanui Ews,44640,I59923,-45.944,169.257,180,H,Niwa
Tautuku Ews,44762,I69545,-46.57617,169.44386,25,H,Niwa
Westport Aero Aws,7342,F11754,-41.73202,171.58525,5,H,Metservice
Wanaka Aero Aws,7426,I49723,-44.722,169.244,352,G,Metservice
